
USE coffee_test;

INSERT INTO `users` (`userId`, `username`, `firstname`, `lastname`, `email`, `groupId`, `ldapAuth`) VALUES
(111120,"User A","User","A","test@test.de",1,false),(111121,"User B","User","B","test@test.de",1,false),(111122,"User C","User","C","test@test.de",1,false),(111123,"User D","User","D","test@test.de",1,false),(111124,"User E","User","E","test@test.de",1,false),(111125,"User F","User","F","test@test.de",1,false),(111126,"User G","User","G","test@test.de",1,false),(111127,"User H","User","H","test@test.de",1,false),(111128,"User I","User","I","test@test.de",1,false),(111129,"User J","User","J","test@test.de",1,false),(111130,"User L","User","L","test@test.de",2,false),(111131,"User M","User","M","test@test.de",2,false),(111132,"User N","User","N","test@test.de",2,false);

/*
SELECT MONTH(fullTimeStamp), groupId, SUM(CASE transactionPurposeId WHEN 2 THEN 2 WHEN 4 THEN 2 ELSE 1 END) as total FROM transactionStatistic GROUP BY MONTH(fullTimeStamp), groupId ORDER BY total DESC;
*/

INSERT INTO `transactionStatistic` (`tDate`,`purposeId`,`groupId`) VALUES 
("2015-05-13 05:31:53",1,2),("2015-05-01 21:12:52",3,7),("2015-05-19 05:04:57",1,3),("2015-05-09 05:53:40",5,2),("2015-05-18 16:02:54",1,2),("2015-05-28 23:03:46",1,9),("2015-05-04 13:32:38",1,2),("2015-05-12 18:36:43",4,11),("2015-05-13 02:08:26",4,4),("2015-05-18 03:26:27",3,5),("2015-05-22 02:00:03",6,10),("2015-05-09 01:44:01",3,3),("2015-05-30 02:50:47",1,9),("2015-05-23 12:07:55",6,10),("2015-05-20 21:59:55",4,7),("2015-05-08 15:17:33",1,7),("2015-05-09 12:04:04",1,9),("2015-05-18 15:18:17",2,5),("2015-05-28 18:15:41",1,8),("2015-05-21 21:10:32",2,2),("2015-05-13 03:59:52",4,9),("2015-05-12 08:50:05",6,11),("2015-05-19 22:38:18",2,10),("2015-05-18 10:28:26",3,5),("2015-05-09 08:28:55",4,7),("2015-05-28 16:21:12",2,10),("2015-05-30 06:12:17",5,9),("2015-05-07 05:07:02",1,9),("2015-05-06 09:48:38",2,4),("2015-05-20 16:21:09",4,4),("2015-05-20 07:32:00",5,2),("2015-05-22 13:32:27",6,10),("2015-05-06 17:29:08",1,6),("2015-05-12 19:17:42",5,5),("2015-05-15 11:33:57",2,9),("2015-05-28 00:03:17",5,9),("2015-05-26 16:37:42",3,1),("2015-05-20 22:17:20",4,7),("2015-05-16 18:26:21",1,1),("2015-05-02 10:09:15",3,1),("2015-05-11 05:27:58",2,10),("2015-05-29 23:47:43",3,4),("2015-05-27 16:47:02",6,2),("2015-05-13 11:39:21",4,7),("2015-05-16 01:03:50",4,11),("2015-05-09 06:56:18",4,6),("2015-05-14 04:49:12",6,9),("2015-05-30 14:53:44",6,11),("2015-05-14 01:21:57",4,9),("2015-05-04 22:40:20",3,6);

INSERT INTO `transactionStatistic` (`tDate`,`purposeId`,`groupId`) VALUES ("2015-06-28 13:07:14",3,1),("2015-06-02 01:14:43",5,4),("2015-06-14 08:37:47",4,7),("2015-06-06 23:09:56",2,10),("2015-06-04 10:27:23",1,6),("2015-06-24 08:01:42",2,9),("2015-06-26 20:28:38",5,8),("2015-06-18 04:09:36",3,2),("2015-06-07 21:35:00",2,9),("2015-06-01 05:57:13",1,3),("2015-06-12 12:52:36",5,7),("2015-06-29 18:07:19",3,9),("2015-06-29 09:35:10",1,4),("2015-06-29 01:58:13",3,6),("2015-06-12 23:25:19",5,7),("2015-06-26 08:18:56",6,8),("2015-06-19 02:42:21",4,4),("2015-06-24 18:56:41",1,5),("2015-06-21 18:13:57",2,9),("2015-06-29 02:57:15",3,5),("2015-06-14 11:52:02",4,7),("2015-06-19 01:13:24",1,9),("2015-06-28 18:09:02",6,8),("2015-06-21 04:08:05",4,10),("2015-06-28 14:03:32",2,10),("2015-06-12 06:07:54",1,8),("2015-06-21 00:54:35",2,6),("2015-06-02 05:33:05",4,3),("2015-06-01 01:43:22",6,10),("2015-06-29 17:35:36",5,1),("2015-06-13 16:34:35",4,10),("2015-06-04 17:54:10",4,7),("2015-06-24 00:29:01",3,4),("2015-06-16 19:05:42",3,2),("2015-06-14 06:48:49",4,4),("2015-06-25 17:42:24",3,7),("2015-06-06 06:36:46",1,3),("2015-06-07 15:50:25",5,2),("2015-06-01 17:01:01",4,3),("2015-06-26 14:28:59",1,1),("2015-06-18 08:01:16",6,10),("2015-06-09 23:20:24",6,4),("2015-06-19 03:41:40",3,1),("2015-06-09 15:26:41",3,9),("2015-06-12 07:33:56",5,11),("2015-06-11 07:09:40",1,10),("2015-06-14 07:52:31",4,8),("2015-06-01 22:45:18",6,3),("2015-06-01 22:45:18",2,10),("2015-06-01 22:45:18",2,7),("2015-06-01 22:45:18",2,6),("2015-06-01 22:45:18",2,6),("2015-06-01 22:45:18",2,6);

INSERT INTO `transactionStatistic` (`tDate`,`purposeId`,`groupId`) VALUES ("2015-07-30 06:18:56",1,10),("2015-07-22 19:38:45",3,11),("2015-07-12 04:53:03",4,2),("2015-07-28 05:34:40",5,8),("2015-07-26 02:15:46",5,5),("2015-07-16 20:04:01",1,9),("2015-07-02 00:26:50",3,4),("2015-07-13 19:08:35",4,11),("2015-07-30 11:18:52",5,9),("2015-07-03 07:46:36",6,6),("2015-07-29 00:11:58",4,2),("2015-07-17 13:40:08",3,1),("2015-07-04 18:55:17",4,4),("2015-07-10 08:34:19",2,4),("2015-07-23 15:43:38",4,5),("2015-07-07 10:25:55",6,1),("2015-07-29 11:57:54",5,9),("2015-07-12 06:18:02",3,1),("2015-07-12 00:07:10",6,4),("2015-07-06 04:25:34",6,6),("2015-07-02 11:24:11",5,11),("2015-07-12 23:11:55",4,2),("2015-07-19 01:58:12",2,4),("2015-07-07 08:44:59",2,2),("2015-07-13 01:29:58",3,9),("2015-07-06 13:08:42",2,1),("2015-07-26 04:55:07",3,6),("2015-07-13 04:09:27",6,10),("2015-07-25 19:02:24",6,2),("2015-07-20 01:47:48",2,1),("2015-07-21 14:39:23",6,5),("2015-07-23 07:59:02",2,5),("2015-07-19 04:49:49",5,3),("2015-07-19 06:37:25",2,5),("2015-07-18 02:16:05",5,10),("2015-07-12 00:00:18",2,2),("2015-07-13 09:13:48",2,4),("2015-07-10 21:59:16",1,4),("2015-07-22 16:43:49",5,5),("2015-07-28 05:46:57",1,9),("2015-07-01 13:11:20",2,3),("2015-07-18 05:36:40",4,2),("2015-07-02 05:05:25",6,3),("2015-07-14 09:23:22",1,2),("2015-07-05 06:00:44",1,9),("2015-07-08 12:59:55",2,10),("2015-07-21 19:06:37",1,5),("2015-07-03 02:23:39",6,2),("2015-07-03 20:57:14",1,3),("2015-07-02 04:26:01",1,8),("2015-07-02 04:26:01",4,3),("2015-07-02 04:26:01",2,3);

INSERT INTO `transactions` (`tDate`,`fromTaker`,`toDepositor`,`amount`,`purposeId`) VALUES ("2015-05-27 11:05:17",111112,111126,"-0.5",6),("2015-05-07 20:28:05",111112,111126,"-0.5",4),("2015-06-21 10:59:50",111112,111132,"-0.5",7),("2015-05-15 04:46:38",111112,111123,"-0.5",5),("2015-07-19 23:36:47",111112,111126,"-0.5",9),("2015-07-05 22:46:21",111112,111127,"-0.5",7),("2015-06-21 09:31:25",111112,111124,"-0.5",2),("2015-06-28 17:26:53",111112,111132,"-0.5",8),("2015-05-11 16:21:59",111112,111127,"-0.5",4),("2015-05-21 06:57:39",111112,111128,"-0.5",7),("2015-07-24 09:44:54",111112,111128,"-0.5",8),("2015-07-15 09:43:25",111112,111125,"-0.5",1),("2015-05-01 23:26:46",111112,111121,"-0.5",3),("2015-06-06 08:42:17",111112,111123,"-0.5",2),("2015-05-28 01:18:42",111112,111127,"-0.5",2),("2015-06-18 15:41:26",111112,111125,"-0.5",6),("2015-05-18 19:26:59",111112,111129,"-0.5",4),("2015-05-12 16:01:04",111112,111124,"-0.5",8),("2015-07-24 22:25:17",111112,111128,"-0.5",1),("2015-05-22 11:49:53",111112,111121,"-0.5",10),("2015-05-07 20:00:21",111112,111126,"-0.5",10),("2015-05-09 13:40:57",111112,111128,"-0.5",3),("2015-05-18 18:15:40",111112,111127,"-0.5",8),("2015-05-28 20:04:57",111112,111122,"-0.5",2),("2015-05-13 08:17:52",111112,111124,"-0.5",6),("2015-06-22 12:57:36",111112,111124,"-0.5",3),("2015-05-16 18:06:15",111112,111120,"-0.5",7),("2015-05-16 19:21:54",111112,111131,"-0.5",10),("2015-06-16 19:21:38",111112,111126,"-0.5",4),("2015-07-07 14:14:07",111112,111131,"-0.5",5),("2015-05-25 14:51:01",111112,111122,"-0.5",8),("2015-07-02 07:18:32",111112,111120,"-0.5",2),("2015-07-16 00:52:35",111112,111120,"-0.5",8),("2015-05-26 15:03:32",111112,111121,"-0.5",6),("2015-05-08 04:18:05",111112,111126,"-0.5",10),("2015-07-29 07:17:25",111112,111122,"-0.5",2),("2015-06-23 16:54:24",111112,111126,"-0.5",2),("2015-06-19 12:56:58",111112,111126,"-0.5",10),("2015-06-07 22:04:39",111112,111122,"-0.5",6),("2015-06-09 08:04:37",111112,111125,"-0.5",8),("2015-05-04 21:21:17",111112,111126,"-0.5",9),("2015-05-13 19:37:34",111112,111120,"-0.5",9),("2015-06-28 16:26:32",111112,111125,"-0.5",1),("2015-07-23 19:05:19",111112,111122,"-0.5",7),("2015-05-22 06:09:19",111112,111132,"-0.5",8),("2015-07-08 22:45:04",111112,111122,"-0.5",9),("2015-06-28 01:43:48",111112,111120,"-0.5",10),("2015-07-03 08:58:07",111112,111131,"-0.5",8),("2015-07-11 18:51:28",111112,111124,"-0.5",9),("2015-06-06 17:28:11",111112,111123,"-0.5",4);

INSERT INTO `transactions` (`tDate`,`fromTaker`,`toDepositor`,`amount`,`purposeId`) VALUES ("2015-05-20 03:05:10",111112,111124,"-0.5",1),("2015-05-15 01:06:24",111112,111127,"-0.5",9),("2015-05-04 06:18:41",111112,111120,"-0.5",3),("2015-06-21 15:56:12",111112,111126,"-0.5",4),("2015-06-15 23:11:58",111112,111120,"-0.5",7),("2015-06-27 07:17:33",111112,111122,"-0.5",8),("2015-05-26 10:23:26",111112,111120,"-0.5",3),("2015-05-31 06:17:20",111112,111126,"-0.5",5),("2015-06-05 17:57:57",111112,111127,"-0.5",7),("2015-06-03 04:48:38",111112,111131,"-0.5",7),("2015-07-24 02:20:44",111112,111128,"-0.5",9),("2015-05-21 04:53:26",111112,111122,"-0.5",1),("2015-06-22 17:18:29",111112,111131,"-0.5",6),("2015-05-10 05:38:21",111112,111124,"-0.5",2),("2015-05-09 22:56:35",111112,111124,"-0.5",1),("2015-05-08 15:20:03",111112,111129,"-0.5",5),("2015-05-21 15:59:50",111112,111120,"-0.5",2),("2015-07-16 06:07:21",111112,111129,"-0.5",9),("2015-06-08 23:00:51",111112,111130,"-0.5",2),("2015-05-14 16:47:39",111112,111124,"-0.5",1),("2015-05-21 10:43:09",111112,111132,"-0.5",4),("2015-06-20 21:30:16",111112,111127,"-0.5",2),("2015-06-02 03:06:52",111112,111122,"-0.5",7),("2015-05-24 14:12:52",111112,111125,"-0.5",5),("2015-05-09 10:49:47",111112,111128,"-0.5",5),("2015-06-02 17:26:04",111112,111120,"-0.5",3),("2015-07-05 19:58:25",111112,111128,"-0.5",7),("2015-05-15 04:26:18",111112,111130,"-0.5",4),("2015-07-19 09:51:42",111112,111123,"-0.5",10),("2015-05-13 03:54:16",111112,111132,"-0.5",2),("2015-06-01 14:31:39",111112,111125,"-0.5",9),("2015-05-22 09:43:23",111112,111120,"-0.5",7),("2015-05-11 03:14:50",111112,111123,"-0.5",10),("2015-05-20 05:15:50",111112,111129,"-0.5",5),("2015-05-29 07:06:39",111112,111121,"-0.5",7),("2015-05-27 03:00:18",111112,111131,"-0.5",5),("2015-06-11 00:37:35",111112,111122,"-0.5",6),("2015-07-24 20:36:18",111112,111124,"-0.5",1),("2015-05-17 04:35:56",111112,111125,"-0.5",10),("2015-05-27 18:31:02",111112,111130,"-0.5",3),("2015-05-10 10:48:39",111112,111129,"-0.5",7),("2015-05-21 11:24:17",111112,111125,"-0.5",5),("2015-06-18 01:07:12",111112,111131,"-0.5",1),("2015-06-19 12:42:01",111112,111123,"-0.5",5),("2015-06-19 03:48:25",111112,111127,"-0.5",9),("2015-06-17 03:01:31",111112,111126,"-0.5",4),("2015-06-12 01:17:01",111112,111132,"-0.5",4),("2015-06-19 11:44:07",111112,111132,"-0.5",7),("2015-07-01 23:18:20",111112,111122,"-0.5",8),("2015-07-26 12:14:10",111112,111131,"-0.5",4);

INSERT INTO `transactions` (`tDate`,`fromTaker`,`toDepositor`,`amount`,`purposeId`) VALUES ("2015-05-03 23:56:36",111112,111122,"-0.5",7),("2015-05-31 19:38:07",111112,111127,"-0.5",5),("2015-07-08 10:02:31",111112,111124,"-0.5",9),("2015-05-12 23:24:19",111112,111123,"-0.5",4),("2015-06-24 23:40:21",111112,111120,"-0.5",6),("2015-07-05 16:03:42",111112,111122,"-0.5",7),("2015-06-30 10:02:15",111112,111125,"-0.5",4),("2015-07-28 03:47:29",111112,111125,"-0.5",1),("2015-07-16 18:36:10",111112,111128,"-0.5",1),("2015-07-25 02:43:05",111112,111132,"-0.5",4),("2015-07-09 12:03:06",111112,111128,"-0.5",5),("2015-05-03 09:05:11",111112,111120,"-0.5",3),("2015-05-03 20:59:49",111112,111122,"-0.5",8),("2015-07-17 20:45:23",111112,111124,"-0.5",7),("2015-05-01 05:50:32",111112,111126,"-0.5",1),("2015-06-07 17:11:02",111112,111128,"-0.5",4),("2015-06-08 01:52:58",111112,111126,"-0.5",6),("2015-05-31 11:52:13",111112,111125,"-0.5",7),("2015-06-06 07:54:25",111112,111126,"-0.5",5),("2015-07-24 08:44:41",111112,111125,"-0.5",10),("2015-05-26 04:20:52",111112,111130,"-0.5",7),("2015-05-13 00:59:32",111112,111120,"-0.5",2),("2015-06-22 12:46:33",111112,111129,"-0.5",9),("2015-07-27 03:25:27",111112,111130,"-0.5",9),("2015-06-09 00:49:57",111112,111125,"-0.5",1),("2015-05-13 11:54:24",111112,111130,"-0.5",3),("2015-05-14 12:11:47",111112,111132,"-0.5",7),("2015-05-21 20:53:01",111112,111128,"-0.5",8),("2015-05-28 00:06:27",111112,111124,"-0.5",8),("2015-05-21 23:54:21",111112,111124,"-0.5",7),("2015-07-18 01:13:04",111112,111128,"-0.5",1),("2015-06-23 08:52:36",111112,111123,"-0.5",5),("2015-07-21 08:56:47",111112,111125,"-0.5",7),("2015-06-19 14:35:07",111112,111130,"-0.5",9),("2015-07-25 09:41:45",111112,111125,"-0.5",10),("2015-05-07 13:41:57",111112,111121,"-0.5",1),("2015-06-20 09:19:54",111112,111126,"-0.5",3),("2015-06-18 22:06:35",111112,111124,"-0.5",4),("2015-05-20 23:19:51",111112,111122,"-0.5",9),("2015-05-09 01:30:36",111112,111120,"-0.5",1),("2015-06-14 20:01:07",111112,111128,"-0.5",2),("2015-07-12 13:30:35",111112,111130,"-0.5",10),("2015-06-18 03:48:44",111112,111121,"-0.5",6),("2015-07-22 01:45:54",111112,111129,"-0.5",4),("2015-06-14 01:45:23",111112,111127,"-0.5",2),("2015-06-27 05:39:08",111112,111131,"-0.5",8),("2015-06-23 21:56:41",111112,111129,"-0.5",7),("2015-06-03 02:09:28",111112,111120,"-0.5",5),("2015-05-31 15:10:45",111112,111131,"-0.5",1),("2015-07-19 07:12:27",111112,111125,"-0.5",10);

INSERT INTO `transactions` (`tDate`,`fromTaker`,`toDepositor`,`amount`,`purposeId`) VALUES ("2015-05-15 09:14:18",111112,111120,"-0.5",8),("2015-05-08 19:31:39",111112,111121,"-0.5",10),("2015-05-14 18:20:46",111112,111127,"-0.5",3),("2015-06-11 21:30:00",111112,111128,"-0.5",5),("2015-05-16 19:57:21",111112,111131,"-0.5",9),("2015-07-09 06:49:10",111112,111131,"-0.5",6),("2015-05-31 18:03:50",111112,111129,"-0.5",9),("2015-05-28 13:34:34",111112,111130,"-0.5",1),("2015-05-17 19:22:51",111112,111130,"-0.5",3),("2015-07-12 15:32:57",111112,111125,"-0.5",1),("2015-05-16 06:57:21",111112,111125,"-0.5",4),("2015-07-26 10:36:34",111112,111122,"-0.5",8),("2015-06-16 08:05:57",111112,111124,"-0.5",10),("2015-05-24 05:54:35",111112,111120,"-0.5",10),("2015-05-15 11:55:04",111112,111126,"-0.5",8),("2015-05-19 04:09:42",111112,111131,"-0.5",3),("2015-05-25 15:05:13",111112,111131,"-0.5",3),("2015-07-21 16:02:38",111112,111126,"-0.5",3),("2015-06-16 03:25:53",111112,111123,"-0.5",4),("2015-05-26 16:02:37",111112,111120,"-0.5",7),("2015-05-15 22:14:18",111112,111124,"-0.5",4),("2015-07-16 12:35:34",111112,111123,"-0.5",3),("2015-05-17 20:47:40",111112,111129,"-0.5",7),("2015-06-01 14:09:52",111112,111128,"-0.5",1),("2015-05-16 20:19:34",111112,111130,"-0.5",8),("2015-07-15 05:37:08",111112,111126,"-0.5",7),("2015-05-01 23:43:15",111112,111131,"-0.5",4),("2015-07-23 16:21:29",111112,111128,"-0.5",6),("2015-06-14 14:30:54",111112,111131,"-0.5",4),("2015-05-13 10:44:06",111112,111132,"-0.5",3),("2015-06-04 16:27:44",111112,111125,"-0.5",2),("2015-07-15 01:36:25",111112,111132,"-0.5",8),("2015-05-15 07:53:42",111112,111121,"-0.5",5),("2015-07-05 14:20:02",111112,111125,"-0.5",8),("2015-05-24 11:48:50",111112,111122,"-0.5",10),("2015-06-23 07:19:34",111112,111132,"-0.5",7),("2015-06-24 05:14:47",111112,111122,"-0.5",6),("2015-07-24 10:23:27",111112,111124,"-0.5",8),("2015-05-01 13:52:27",111112,111121,"-0.5",10),("2015-05-09 05:36:18",111112,111126,"-0.5",8),("2015-05-05 23:40:12",111112,111121,"-0.5",8),("2015-05-12 20:03:48",111112,111120,"-0.5",8),("2015-05-16 20:45:53",111112,111121,"-0.5",1),("2015-06-27 02:56:12",111112,111123,"-0.5",1),("2015-06-03 01:14:05",111112,111127,"-0.5",1),("2015-06-12 01:01:45",111112,111125,"-0.5",2),("2015-06-24 15:15:14",111112,111129,"-0.5",9),("2015-06-12 03:03:55",111112,111127,"-0.5",3),("2015-07-01 20:06:36",111112,111129,"-0.5",2),("2015-07-26 14:27:58",111112,111129,"-0.5",4);

